,total,positif,negatif,netral,setuju,tidak_setuju,positif_pct,negatif_pct,setuju_pct,tidak_setuju_pct
News,475.0,56.0,112.0,307.0,56.0,112.0,11.789473684210526,23.57894736842105,11.789473684210526,23.57894736842105
YouTube,3281.0,923.0,717.0,1641.0,923.0,717.0,28.131667174641876,21.85309356903383,28.131667174641876,21.85309356903383
Gabungan,3756.0,979.0,829.0,1948.0,979.0,829.0,26.06496272630458,22.071352502662407,26.06496272630458,22.071352502662407
