,total,positif,negatif,netral,setuju,tidak_setuju,positif_pct,negatif_pct,setuju_pct,tidak_setuju_pct
News,544.0,94.0,14.0,436.0,94.0,14.0,17.27941176470588,2.5735294117647056,17.27941176470588,2.5735294117647056
YouTube,3166.0,1105.0,1439.0,622.0,1105.0,1439.0,34.902084649399875,45.4516740366393,34.902084649399875,45.4516740366393
Gabungan,3710.0,1199.0,1453.0,1058.0,1199.0,1453.0,32.318059299191376,39.1644204851752,32.318059299191376,39.1644204851752
